name,title,url,id,institution,phone,department,email
"Abbott, April,Arnold Becky,Arrington, Brandi,Arroyo, Dr. Renaldo,Asselin, Bonnie Dr. ,Baker, Jerry,Baldwin, Dr. Jay,Ballenger, Jimmy ,Beach, Dr. Sarah,Beals, Christopher Dr. ,Berry, Dr. Richard,Branch, Keetra ,Brannen, JoAnn,Brasher, Dr. Casey,Brown, Joseph Dr. ,Brumfield, Adam,Campbell, Donna ,Campbell, Erin Dr. ,Carpenter, Robert ,Carter, Tammy ,Cathcart, Heather Dr.,Clark, Diana,Cofer, Jordan Dr. ,Cofer, Rebecca,Cohran, Kristoff,Conner, Julie,Crabtree, Carrie Dr. ,Croft, Michele ,Crumley, Robin ,Davis, Kitty,Day, MaraDare ,Deal, Kennon Dr.,Dean, Carla,Denham, Earl ,Dennis, Tamara Dr.,Dent, Chrissy ,Dicks, Gary ,Driscoll, Mark ""Dill"",Drummonds, Deborah ,Dubravcic, Cindia,Dunkley, Kingsley Dr. ,Elad, Renata Dr.,Ellis, Diantha ,Ellis, Kay,Evans, Johnny Dr. ,Farmer, Susan Dr. ,Felton, Lorie Ms. ,Fitzgerald, Anthony  ,Folsom, John ,Galt-Brown, James Dr. ,Giles, Sandra Dr. ,Gonzalez, Gail ,Grant, Thomas Dr.,Gregus, Jan, Dr.,Hall, Cyndy Dr. ,Hall, Kip ,Hannon, Nancy ,Hanson, Dr. Brian,Harrison, Wendy ,Hassouna, Mouyyed ,Hatcher, Donna ,Heflin, Thomas Dr. ,Hicks, Mary Ellen Dr. ,Hicks, Todd  ,Hightower, Philip ,Hobbs, Martha,Holtz, Marvin E. Dr. ,Janousek, Steve Mr.,Johnson, Dr. Mark ,Kar, Avijit Mr. ,Kirkley, Vickie,Kiser, Dr. L. Chris ,Klesman, Charlotte Dr. ,Lane, Vanessa,Layton, John  ,Lee, Etta Ms. ,Lewis, Rhonda ,Lowerts, George,Luke-Morgan, Audrey,Mann, Alison Dr. ,Marshall, Tim Dr.,Mathis-Pertilla, Franzelle,McCrimmon, James Dr. ,Miburo, Barry Dr. ,Miller, Allison,Moen, Martha Dr. ,Moore, William Dr. ,Moreno, Kathy  ,Moss, Stuart Alan,Murphy, Alan Mr. ,Newberry, Jeff Dr. ,Ng, Justin Dr.,Njoroge, Joseph Dr. ,Partlow, Melanie ,Paulk, Jeannie,Pearman, Lori Ms. ,Peavy, Von G. Mr. ,Perry, Keith Mr. ,Porter, Erin Dr. ,Powell, Kay ,Price, Roxie ,Pryor, Dr. Russell ,Ray, Brian Dr.,Reeder, Brandon,Richardson, Ellen,Richardson, Mark Dr. ,Rivers, Jewrell Dr. ,Roan, Christine,Robinson, Bobbie Dr. ,Roe, Susan Dr.,Schmeisser, Hans Dr. ,Scott, Jason Dr. ,Seat, Shawn ,Seibert, Lisa,Sewell, Darby Dr.,Sheikh, Dr. Abul  ,Sherling, Vicki Ms. ,Shippey, Herbert Dr. ,Shugart, John Dr. ,Slawsky, Dr. Melissa,Sledge, Donna Kay,Smith, Ray L, Ph.D.,Smith, Suzanne Ms.,Smith, Yvonne,Sollenberger, Daniel ,Spicer, Troy ,Terrell,Charla T,Thornton, Beth Ms. ,Thurber, Carrie,Turner, Becca Mrs. ,Urquhart, Amanda Ms. ,Urquhart, Nicholas,Usher, Dr. Jess,Wallin-Ruschman, Jen,West, Kaci,White, Dale,Willis, Andrea,Wilson, Gina Ms.,Yost, Brian Dr.,Yost, Joy,You, Eunkyung Dr. ","Mathematics Lab Coordinator, HEP GED Specialist,CAMP Recruiter,Migrant Education Program Consortium Specialist,Bookstore Accounting Clerk,HEP/CAMP MEP Office Manager,Associate Professor,Lecturer in English,Assistant Professor,Associate Professor,Education/Interpretation/Outreach Manager,Sr Accounting Assistant,Retail Sales Clerk ,Dean and Professor,Assistant Professor of Communication,Assistant Professor of Physical Education ,Digital Media Coordinator,Administrative Assistant,Credentials Data Processor II,IT Support Specialist,Assistant Professor of Sociology,Assistant Professor,Staff Accountant,Associate Professor of Management,Officer,Special Projects Coordinator,Director,Officer,Assistant Professor,Assistant Professor,Sr Administrative Assistant,Assistant Professor of Economics,President,Associate Professor of English; Faculty Adviser for the College Democrats,Customer Service Representatvie,Officer,Lecturer,Officer, Director of Institutional Effectiveness,Golf Coach,Assistant Professor of Physical Education,Professor of English, Honors, and Rural Studies,Residence Life Coordinator,Assistant Professor of Spanish,Country Store Manager,Instructor of Nursing,Assistant Professor,Public Relations Director Emeritus,Counselor,Assistant to the Registrar,Part-Time Physical Education Instructor,Residence Life Coordinator,Department Head, English and Communication,Coordinator, Academic Achievement Center,Business Coordinator,Technical Services Librarian,Part-Time Instructor of Health,HEP Associate Director,Assistant Director,Farm Worker II,Assistant Professor of Biology,Part-Time Instructor,Assistant Professor,Officer,Lab Manager,Director ,Farm Manager,Part-Time Instructor of Physical Education,Assistant Professor of Chemistry,Lecturer of Biology,Accountant,Assistant Professor,RNC PhD, Associate Professor of Nursing,Assistant Professor,Assistant Professor,Director,Interim Vice President for Academic Affairs,Administrative Associate,Coordinator,Dean ,RN MN CCRN CCN,Instructor/Health Center Coordinator,Associate Professor,AAMI Coordinator,Manager,Professor, Agricultural Economics,Associate Professor,Part Time Instructor,Enrollment Counselor,Senior Administrative Assistant,Retail Sales Clerk,Dean and Professor of Chemistry,Horticulture Technician,Associate Professor,Associate Professor, Coordinator,Alumni Director ,Department Coordinator and Associate Professor of Criminal Justice,Facilities Rental Coordinator/Marketing Assistant,Instructor; Director of Music  - Bands,Associate Professor of History,Customer Service Representative,Course Set Up Attendent,VP for Technology and Chief Information Officer,Officer,Facilities Use Assistant,Professor of English,Chief of Police,Part-Time Instructor,Director of Multicultural Education Programs,Upward Bound Sr. Administrative Assistant,Assistant Professor of Journalism; Faculty Advisor for The Stallion Newspaper and Stallion TV,Enrollment Counselor,Assistant Professor,Biology Lab Coordinator,Administrative Assistant,HEP GED Specialist,Associate Professor of English; Director for the Honors Program,Assistant Professor - Forest Technology Program Head,Part-Time Instructor,Assistant Professor of Political Science,Public Services Librarian,Associate Professor of English,Recreational Sports Director,Associate Professor of Political Science and Geography,Professor of Art and Journalism ,Help Desk Manager,Procurement Manager,Assistant Professor of Jazz,Information Systems Coordinator,Agric Specialist,Professor,Assistant Professor,Lecturer of Biology,Enterprise Developer II,Part-Time Instructor,Accounting Assistant,Resource Manager, Health Center,Registered Nurse,Professor,GMA Assistant Director/ Museum & Gallery Curator,Dean ,Comptroller,Administrative Assistant,Testing Coordinator,Assistant Professor of Health and Physical Education,Residence Life Coordinator,Enrollment Counselor,Assistant Professor of Education,Sergeant,Assistant,Director,Migrant Education Program Consortium Specialist,Assistant Professor,Senior Systems Administrator ,Maintenance Manager,Senior Accounting Assistant,Director of Residence Life,Assistant Director ,Senior Mail Clerk,Part Time Instructor of Health,Assistant Professor,Assistant Professor,Director,Assistant Professor,Residence Life Coordinator,Computer Services Specialist 1,Golf Course Superintendent,Assistant Professor,Associate Professor of Psychology,Executive Administrative Asst,Upward Bound Associate Director,Instructor,HEP Admissions Recruiter,Accounts Payable Clerk,Assistant Professor,Lecturer,Mechanical Superintendent,Assistant Professor,Professor,Director of Advancement/Development,Director of Student Development,HEP/GED Specialist,Softball Coach,Grants Development Specialist,Procurement/Prop Ctrl Specialist,Instructor,Payroll Manager,Grants & Development Director,Client Support - Senior,Professor,Volunteer Coordinator,Director of Capital Planning & P3 Coordinator,Professor,Instructor of Biology,Intern & Placement Coordinator,Assistant Professor of Animal Science,Associate Professor and Department Head,Assistant Professor,Chemistry Lab Coordinator,Assistant Professor ,IT Support Specialist,Accountant,Assistant Professor,Enterprise Developer 1,Clerical Asstistant,Poet in Residence,Assistant Professor of Agronomy,Professor of Political Science; Department Head,Upward Bound Associate Director,Interim Department Head & Assistant Professor,Officer,Instructor,Assistant Professor,Lecturer,Sr Administrative Assistant,Assistant Professor, Agricultural Engineering,Assistant Professor,Officer,Part-Time Instructor,Assistant Professor of History,Sergeant,Customer Service Representative,Professor of English and Theatre,Enrollment Counselor,Academic Support Counselor,Baseball Coach,Natural Resources Technician,Part time Instructor,Assistant Professor,Institutional Research,Professor of Sociology,Part-Time Instructor,Public Relations Assistant,Professor of English; Dean, The School of Liberal Arts,Professor of Voice; Director of Choral Music  and Department Head,Administrative Apprentice,Enterprise Developer II,Accounting Manager,Assistant Professor of Political Science; Director of The Center for Teaching and Learning,Assistant Professor,Education/ Interpretation/ Outreach Coordinator,Assistant Professor of Physics,Academic Support Counselor,Sr Administrative Assistant,Dean, School of Human Sciences,Professor,Lecturer,Part-time Instructor of English,Associate Professor,Assistant Professor of Piano and Theory,Athletic Trainer,Head Athletic Trainer/Aquatics Supervisor/Instructor,Advancement Coordinator,Upward Bound Guidance Specialist,Systems Administrator - Senior,Associate Professor and Department Head,Part-Time Instructor of Sociology ,Instructor of Nursing,COO - ABAC Foundation, Inc.,Lecturer,Director of Human Resources,Dean,Adminstrative Assistant,Asst. Chief of Police/Lt.,Administrative Associate,Retail Sales Clerk - Forest Lakes,Director of Student Accounts & Veterans Benefits Coordinator,Tutorial Program Coordinator,Academic Testing Specialist,Administrative Associate,Lead Nurse, Health Center,Registered Nurse,Assistant Professor,Assistant Professor,Sergeant,Associate Professor of Communication,Assistant Professor,Director of Academic Support,Assistant Professor of History,Information Center Coordinator,Assistant Professor of Psychology,Officer,Director of Enrollment Services,Credentials Processor I,Lecturer of English,Administrative Assistant, Health Center,Administrative Assistant,Academic Support Counselor,Lecturer,Interim CIO,Interim VP of External Affairs,Part-Time Instructor of Physical Education,Lead Enterprise Developer (ED III),Coordinator,Credentials Data Processor 1,VP for Fiscal Affairs & Operations & Chief Business Officer,Sr Administrative Assistant,Administrative Assistant,Administrative Associate,Director,Assistant Professor,Part-Time Physical Education Instructor,Associate Professor,Hispanic/Latino Counselor,Administrative Project Manager","http://www.abac.edu/academics/schools/math-science/faculty-staff/abbott-april,http://www.abac.edu/academics/schools/nursing/faculty-staff/rarnold,http://www.abac.edu/academics/schools/liberal-arts/faculty-staff/arrington-brandi,http://www.abac.edu/academics/schools/ag-natural-resources/faculty-staff/arroyo-renaldo,http://www.abac.edu/academics/schools/liberal-arts/faculty-staff/basselin,http://www.abac.edu/academics/schools/ag-natural-resources/faculty-staff/baker-jerome-dr,http://www.abac.edu/academics/schools/liberal-arts/faculty-staff/baldwin-dr-jay,http://www.abac.edu/academics/schools/human-science/faculty-staff/jballenge,http://www.abac.edu/academics/schools/human-science/faculty-staff/beach-dr-sarah,http://www.abac.edu/academics/schools/math-science/faculty-staff/beals-christopher,http://www.abac.edu/academics/schools/stafford-school-of-business/faculty-staff/berry-dr-richard,http://www.abac.edu/academics/schools/math-science/faculty-staff/kbranch,http://www.abac.edu/academics/schools/stafford-school-of-business/faculty-staff/jbrannen,http://www.abac.edu/academics/schools/stafford-school-of-business/faculty-staff/brasher-dr-casey,http://www.abac.edu/academics/schools/liberal-arts/faculty-staff/jbrown,http://www.abac.edu/academics/schools/liberal-arts/faculty-staff/brumfield-adam,http://www.abac.edu/academics/schools/human-science/faculty-staff/dcampbell,http://www.abac.edu/academics/schools/liberal-arts/faculty-staff/ecampbell,http://www.abac.edu/academics/schools/liberal-arts/faculty-staff/rcarpenter,http://www.abac.edu/academics/schools/nursing/faculty-staff/carter-tammy,http://www.abac.edu/academics/schools/math-science/faculty-staff/cathcart-heather-dr,http://www.abac.edu/academics/schools/human-science/faculty-staff/clark-diana,http://www.abac.edu/academics/schools/liberal-arts/faculty-staff/jcofer,http://www.abac.edu/more/employees/general-staff-directory/coferrebecca-d,http://www.abac.edu/academics/schools/stafford-school-of-business/faculty-staff/cohran-kristoff,http://www.abac.edu/academics/schools/human-science/faculty-staff/conner-julie,http://www.abac.edu/academics/schools/math-science/faculty-staff/carrieross,http://www.abac.edu/academics/schools/human-science/faculty-staff/croft-michele,http://www.abac.edu/academics/schools/nursing/faculty-staff/crumley-robin-ms,http://www.abac.edu/academics/schools/math-science/faculty-staff/davis-kitty,http://www.abac.edu/academics/schools/human-science/faculty-staff/mday,http://www.abac.edu/academics/schools/math-science/faculty-staff/deal-dr-kennon,http://www.abac.edu/academics/schools/math-science/faculty-staff/dean-carla,http://www.abac.edu/academics/schools/stafford-school-of-business/faculty-staff/denham-earl-mr,http://www.abac.edu/academics/schools/nursing/faculty-staff/tdennis,http://www.abac.edu/academics/schools/nursing/faculty-staff/dent-chrissy-ms,http://www.abac.edu/academics/schools/math-science/faculty-staff/gdicks,http://www.abac.edu/academics/schools/stafford-school-of-business/faculty-staff/dill-driscoll,http://www.abac.edu/academics/schools/nursing/faculty-staff/ddrummonds,http://www.abac.edu/academics/schools/nursing/faculty-staff/dubravcic-cindia,http://www.abac.edu/academics/schools/math-science/faculty-staff/kdunkley,http://www.abac.edu/academics/schools/ag-natural-resources/faculty-staff/relad,http://www.abac.edu/academics/schools/stafford-school-of-business/faculty-staff/dellis,http://www.abac.edu/academics/schools/human-science/faculty-staff/ellis-kay,http://www.abac.edu/academics/schools/math-science/faculty-staff/evans-johnny-dr,http://www.abac.edu/academics/schools/math-science/faculty-staff/sfarmer,http://www.abac.edu/academics/schools/ag-natural-resources/faculty-staff/lfelton,http://www.abac.edu/academics/schools/human-science/faculty-staff/afitzgerald-2,http://www.abac.edu/academics/schools/liberal-arts/faculty-staff/jfolsom,http://www.abac.edu/academics/schools/liberal-arts/faculty-staff/jgbrown,http://www.abac.edu/academics/schools/liberal-arts/faculty-staff/sgiles,http://www.abac.edu/academics/schools/human-science/faculty-staff/gonzalez-gail,http://www.abac.edu/academics/schools/liberal-arts/faculty-staff/tgrant,http://www.abac.edu/academics/schools/math-science/faculty-staff/jgregus,http://www.abac.edu/academics/schools/liberal-arts/faculty-staff/chall,http://www.abac.edu/academics/schools/ag-natural-resources/faculty-staff/khall,http://www.abac.edu/academics/schools/human-science/faculty-staff/hannon-nancy,http://www.abac.edu/academics/schools/liberal-arts/faculty-staff/hanson,http://www.abac.edu/academics/schools/liberal-arts/faculty-staff/wharrison,http://www.abac.edu/academics/schools/liberal-arts/faculty-staff/mhassouna,http://www.abac.edu/academics/schools/liberal-arts/faculty-staff/dhatcher,http://www.abac.edu/academics/schools/liberal-arts/faculty-staff/heflin-thomas,http://www.abac.edu/academics/schools/ag-natural-resources/faculty-staff/mhicks,http://www.abac.edu/academics/schools/ag-natural-resources/faculty-staff/thicks,http://www.abac.edu/academics/schools/math-science/faculty-staff/phightower,http://www.abac.edu/academics/schools/human-science/faculty-staff/hobbs-martha,http://www.abac.edu/academics/schools/math-science/faculty-staff/mholtz,http://www.abac.edu/academics/schools/human-science/faculty-staff/sjanousek,http://www.abac.edu/academics/schools/human-science/faculty-staff/johnson-dr-mark,http://www.abac.edu/academics/schools/math-science/faculty-staff/akar,http://www.abac.edu/academics/schools/human-science/faculty-staff/kirkley-vickie,http://www.abac.edu/academics/schools/ag-natural-resources/faculty-staff/ckiser,http://www.abac.edu/academics/schools/liberal-arts/faculty-staff/klesman-charlotte,http://www.abac.edu/academics/schools/ag-natural-resources/faculty-staff/lane-vanessa,http://www.abac.edu/academics/schools/ag-natural-resources/faculty-staff/jlayton,http://www.abac.edu/academics/schools/human-science/faculty-staff/academicsschoolshuman-sciencefaculty-staffelee,http://www.abac.edu/academics/schools/nursing/faculty-staff/rlewis,http://www.abac.edu/academics/schools/ag-natural-resources/faculty-staff/lowerts-george,http://www.abac.edu/academics/schools/ag-natural-resources/faculty-staff/alukemorgan,http://www.abac.edu/academics/schools/liberal-arts/faculty-staff/mann-alison,http://www.abac.edu/academics/schools/ag-natural-resources/faculty-staff/marshall-tim-dr,http://www.abac.edu/academics/schools/stafford-school-of-business/faculty-staff/franzelle-mathis-pertilla,http://www.abac.edu/academics/schools/ag-natural-resources/faculty-staff/jmccrimmon,http://www.abac.edu/academics/schools/math-science/faculty-staff/bmiburo,http://www.abac.edu/academics/schools/math-science/faculty-staff/miller-allison,http://www.abac.edu/academics/schools/ag-natural-resources/faculty-staff/mthomas,http://www.abac.edu/academics/schools/ag-natural-resources/faculty-staff/wmoore,http://www.abac.edu/academics/schools/stafford-school-of-business/faculty-staff/kmoreno,http://www.abac.edu/academics/schools/ag-natural-resources/faculty-staff/moss-stuart,http://www.abac.edu/academics/schools/ag-natural-resources/faculty-staff/amurphy,http://www.abac.edu/academics/schools/liberal-arts/faculty-staff/jnewberry,http://www.abac.edu/academics/schools/ag-natural-resources/faculty-staff/justin-ng,http://www.abac.edu/academics/schools/liberal-arts/faculty-staff/jnjoroge,http://www.abac.edu/academics/schools/math-science/faculty-staff/mpartlow,http://www.abac.edu/academics/schools/nursing/faculty-staff/jpaulk,http://www.abac.edu/academics/schools/math-science/faculty-staff/lpearman,http://www.abac.edu/academics/schools/ag-natural-resources/faculty-staff/vpeavy,http://www.abac.edu/academics/schools/liberal-arts/faculty-staff/kperry,http://www.abac.edu/academics/schools/ag-natural-resources/faculty-staff/porter-erin,http://www.abac.edu/academics/schools/stafford-school-of-business/faculty-staff/kpowell,http://www.abac.edu/academics/schools/human-science/faculty-staff/price-roxie,http://www.abac.edu/academics/schools/liberal-arts/faculty-staff/pryor-james,http://www.abac.edu/academics/schools/liberal-arts/faculty-staff/bray,http://www.abac.edu/more/employees/general-staff-directory/reeder-brandon,http://www.abac.edu/academics/schools/liberal-arts/faculty-staff/richardson-ellen,http://www.abac.edu/academics/schools/liberal-arts/faculty-staff/richardson-mark,http://www.abac.edu/academics/schools/human-science/faculty-staff/jrivers,http://www.abac.edu/academics/schools/human-science/faculty-staff/roan-christine,http://www.abac.edu/academics/schools/liberal-arts/faculty-staff/brobinson,http://www.abac.edu/academics/schools/liberal-arts/faculty-staff/sroe,http://www.abac.edu/academics/schools/liberal-arts/faculty-staff/hschmeisser,http://www.abac.edu/academics/schools/ag-natural-resources/faculty-staff/jscott,http://www.abac.edu/academics/schools/math-science/faculty-staff/sseat,http://www.abac.edu/more/employees/general-staff-directory/seibert-lisa,http://www.abac.edu/academics/schools/human-science/faculty-staff/dsewell,http://www.abac.edu/academics/schools/stafford-school-of-business/faculty-staff/sheikh,http://www.abac.edu/academics/schools/math-science/faculty-staff/vsherling,http://www.abac.edu/academics/schools/liberal-arts/faculty-staff/hshippey,http://www.abac.edu/academics/schools/math-science/faculty-staff/shugart-john-dr,http://www.abac.edu/academics/schools/liberal-arts/faculty-staff/slawsky-dr-melissa,http://www.abac.edu/academics/schools/human-science/faculty-staff/dsledge,http://www.abac.edu/academics/schools/ag-natural-resources/faculty-staff/rsmith,http://www.abac.edu/academics/schools/human-science/faculty-staff/ssmith,http://www.abac.edu/academics/schools/nursing/faculty-staff/yvonne-smith-rn-bsn,http://www.abac.edu/academics/schools/ag-natural-resources/faculty-staff/sollenberger-daniel,http://www.abac.edu/academics/schools/nursing/faculty-staff/tspicer,http://www.abac.edu/more/employees/general-staff-directory/terrellcharla-t,http://www.abac.edu/academics/schools/math-science/faculty-staff/bthornton,http://www.abac.edu/academics/schools/math-science/faculty-staff/thurber-carrie,http://www.abac.edu/academics/schools/liberal-arts/faculty-staff/bturner,http://www.abac.edu/academics/schools/math-science/faculty-staff/aurquhart,http://www.abac.edu/more/employees/general-staff-directory/urquhartnicholas,http://www.abac.edu/academics/schools/liberal-arts/faculty-staff/usher-dr-jess,http://www.abac.edu/academics/schools/human-science/faculty-staff/wallin-ruschman-jennifer,http://www.abac.edu/academics/schools/liberal-arts/faculty-staff/west-kaci,http://www.abac.edu/academics/schools/human-science/faculty-staff/white-dale,http://www.abac.edu/academics/schools/human-science/faculty-staff/willis-andrea,http://www.abac.edu/academics/schools/liberal-arts/faculty-staff/wilsongina,http://www.abac.edu/academics/schools/liberal-arts/faculty-staff/yost-brian,http://www.abac.edu/academics/schools/human-science/faculty-staff/yost-joy,http://www.abac.edu/academics/schools/math-science/faculty-staff/eyou",,Abraham Baldwin College,"
229.391.5160","Mathematics,Multicultural Education,Multicultural Education,Multicultural Education,Bookstore,Multicultural Education,Nursing,Literature and Language,Forest Resources ,Literature and Language ,ABAC/GMA,Business Office,Golf Course,School of Agriculture and Natural Resources,English and Communication,Education & FACS,Office of Technology Services,Student Development,Enterprise Information Services,Office of Technology Services,Behavioral Sciences,Science,Business Office,Stafford School of Business,Police Department,President's Office,ABAC/GMA,Police Department,Science,Stafford School of Business,School of Science & Mathematics,Stafford School of Business,President's Office,Literature and Language ,Student Financial Services,Police Department,Fine Arts and Communication,Police Department,Academic Affairs,Athletics,Education & FACS,Literature and Language ,Student Life and Housing,Literature and Language ,ABAC/GMA,Nursing,Science,Public Relations,Student Development,Registrar,Education & FACS,Student Life and Housing,English and Communication,Academic Support,Stafford School of Business,Baldwin Library,Education & FACS,Multicultural Education,Student Financial Services,Agriculture,Science,Education & FACS,Nursing,Police Department,Science,Baldwin Library,Agriculture,Education & FACS,Science,Science,College Advancement,Stafford School of Business,Nursing,Nursing,Mathematics ,ABAC On The Square,Academic Affairs,Academic Affairs,Enterprise Information Services,Stafford School of Business,Nursing,Nursing,Science ,Multicultural Education,Bookstore,Agriculture,Stafford School of Business,Education & FACS,Admissions,School of Human Sciences,Golf Course,School of Science & Mathematics,Agriculture,Science ,Agriculture,School of Agriculture and Natural Resources,College Advancement,Behavioral Sciences,ABAC/GMA,Fine Arts and Communication,History and Political Science ,Student Financial Services,Golf Course,Office of Technology Services,Police Department,ABAC On The Square,Literature and Language ,Police Department,Behavioral Sciences,Multicultural Education,Multicultural Education,Fine Arts and Communication,Admissions,Mathematics,Science,Human Resources,Multicultural Education,Literature and Language ,Forest Resources ,Behavioral Sciences,History and Political Science	,Baldwin Library,Literature and Language ,Athletics,History and Political Science,Fine Arts and Communication,Office of Technology Services,Business Office,Fine Arts and Communication,Business Office,Agriculture,Agriculture ,Agriculture ,Science ,Enterprise Information Services,Education & FACS,Office of Student Accounts,Nursing,Health Center,Science ,ABAC/GMA,Dean of Students,Business Office,Student Life and Housing,Academic Support,Education & FACS,Student Life and Housing,Admissions,Education & FACS,Police Department,Human Resources,Arts Connection,Multicultural Education,Mathematics ,Office of Technology Services,ABAC/GMA,Business Office,Student Life and Housing,Office of Student Accounts,Mail Center,Education & FACS,Forest Resources ,Fine Arts and Communication,Athletics,Forest Resources ,Student Life and Housing,Office of Technology Services,Golf Course,Agriculture,Behavioral Sciences,President's Office,Multicultural Education,Nursing ,Multicultural Education,Business Office,Forest Resources,Agriculture,Agriculture,History and Political Science,Agriculture,College Advancement,Student Development,Multicultural Education,Athletics,College Advancement,Business Office,Stafford School of Business,Business Office,College Advancement ,Office of Technology Services,Agriculture,ABAC/GMA,President's Office,Science ,Science,Stafford School of Business,Agriculture ,Forest Resources ,Stafford School of Business,Science,Forest Resources,Office of Technology Services,Bookstore,Agriculture ,Enterprise Information Services,College Advancement,Literature and Language ,Agriculture,History and Political Science,Multicultural Education,Mathematics ,Police Department ,Nursing,Mathematics,Agriculture ,Agriculture,Fine Arts and Communication,Agriculture,Stafford School of Business,Police Department,Behavioral Sciences,History and Political Science,Police Department,Student Financial Services,Fine Arts and Communication,Admissions,Academic Support ,Athletics,Forest Resources,History and Political Science ,English and Communication ,Office of Technology Services,Behavioral Sciences,Behavioral Sciences,Public Relations,Literature and Language ,Fine Arts and Communication,School of Science & Mathematics,Enterprise Information Services,Business Office,History and Political Science,Forest Resources ,ABAC/GMA,Science ,Academic Support,Nursing ,School of Human Sciences,Stafford School of Business,Science ,Fine Arts and Communication,Science ,Fine Arts and Communication,Athletics,Education & FACS,College Advancement,Multicultural Education,Office of Technology Services,Agriculture,Behavioral Sciences,Nursing,College Advancement,Forest Resources,Human Resources,Nursing,Public Relations,Police Department,College Advancement,Golf Course,Office of Student Accounts,Academic Support,Academic Support,Office of Technology Services,Nursing,Health Center,Science ,Science,Police Department,Fine Arts and Communication,Mathematics ,Academic Support,History and Political Science	,Public Relations,Behavioral Sciences,Police Department,Admissions,Student Financial Services,English and Communication,Nursing,Health Center,Academic Support,Education & FACS,Office of Technology Services,College Advancement,School of Human Sciences,Registrar,ABAC On The Square,Enterprise Information Services,Business Office,School of Liberal Arts,Athletics,Dean Of Students,Student Financial Services,Literature and Language ,Education & FACS,Mathematics ,Multicultural Education,Business Office",aabbott@abac.edu
